V_magnitude,Angle,Voltage,itterations
1.05,0.0,(1.05+0j),0
0.0013783284458818766,-99.1791440833808,(-0.00021987351069373528-0.0013606781191826233j),1
0.0026462315485009857,-28.84035984706797,(0.0023180118005767863-0.0012764649233992641j),2
0.00851118476760869,94.46413761698841,(-0.0006624688598894915+0.008485363937866832j),3
0.009930785265759424,97.94560144933476,(-0.0013727606942280143+0.009835447324397966j),4
3.0603181235762573,70.90159035356298,(1.0013105975688128+2.8918720761274503j),5
