From_Bus,To_Bus,R,X,Z,G,B,Y,Turns_Ratio
1.0,2.0,34.0,53.0,(34+53j),0.008575031525851198,-0.013366960907944515,(0.008575031525851198-0.013366960907944515j),0.1
2.0,3.0,45.0,34.0,(45+34j),0.014146494812951901,-0.010688462747563658,(0.014146494812951901-0.010688462747563658j),4.0
3.0,5.0,34.0,54.0,(34+54j),0.008349705304518664,-0.01326129666011788,(0.008349705304518664-0.01326129666011788j),34.0
4.0,5.0,43.0,0.54,(43+0.54j),0.0232521469302083,-0.00029200370563517403,(0.0232521469302083-0.00029200370563517403j),0.4
3.0,1.0,34.0,43.0,(34+43j),0.011314475873544092,-0.014309484193011647,(0.011314475873544092-0.014309484193011647j),0.54
